{"cameraMode":{"drawMode":0,"name":"Shaded","section":"Shading Mode"},"sceneLighting":true,"audioPlay":false,"sceneViewState":{"showFog":true,"showMaterialUpdate":true,"showSkybox":true,"showFlares":true,"showImageEffects":true,"showParticleSystems":true},"in2DMode":false,"pivot":{"x":8.107177734375,"y":1.7321815490722657,"z":2.4668807983398439},"rotation":{"x":-0.2665768265724182,"y":-0.2626701295375824,"z":0.07576233893632889,"w":-0.9242304563522339},"size":30.826936721801759,"orthographic":false}